{"loss": [1.783638596534729, 1.2487008571624756, 1.0173466205596924, 0.9000561833381653, 0.8108868598937988, 0.7649035453796387, 0.7219928503036499, 0.6873440146446228, 0.6581562757492065, 0.6390417814254761, 0.6133575439453125, 0.5929940342903137, 0.5786364674568176, 0.572786271572113, 0.5601816773414612, 0.5449943542480469, 0.5498294234275818, 0.531497061252594, 0.5178510546684265, 0.5083945989608765, 0.5039733648300171, 0.5047123432159424, 0.49829620122909546, 0.48740649223327637, 0.48824623227119446, 0.4852614998817444, 0.4703199863433838, 0.48031485080718994, 0.47138383984565735, 0.4662267565727234, 0.46117645502090454, 0.45167988538742065, 0.4571909010410309, 0.4552554488182068, 0.4551711082458496, 0.4425795078277588, 0.4334529936313629, 0.4365623891353607, 0.44069692492485046, 0.43207231163978577, 0.43285271525382996, 0.4315110743045807, 0.41747304797172546, 0.42139917612075806, 0.41997435688972473, 0.4164770543575287, 0.41873276233673096, 0.41002076864242554, 0.41374650597572327, 0.4187791645526886, 0.39900463819503784, 0.4161466658115387, 0.40410465002059937, 0.4047020375728607, 0.4056934416294098, 0.40418827533721924, 0.39231839776039124, 0.39664098620414734, 0.3873002827167511, 0.38939985632896423, 0.3913257122039795, 0.3890131711959839, 0.3886544108390808, 0.38657137751579285, 0.38749250769615173, 0.3864634335041046, 0.3864445984363556, 0.3759123682975769, 0.3789374530315399, 0.3738257884979248, 0.3770236372947693, 0.3742893636226654, 0.3811415135860443, 0.38073983788490295, 0.37021732330322266, 0.37035927176475525, 0.380418598651886, 0.3709437847137451, 0.3721838891506195, 0.36623769998550415, 0.36878958344459534, 0.36344873905181885, 0.37074702978134155, 0.36341339349746704, 0.3652597963809967, 0.3583359122276306, 0.36008501052856445, 0.3529238998889923, 0.35666483640670776, 0.35511571168899536, 0.35919469594955444, 0.3518434762954712, 0.3562396764755249, 0.3654530644416809, 0.35323071479797363, 0.356762558221817, 0.3515293300151825, 0.34464162588119507, 0.3521934747695923, 0.34726643562316895], "accuracy": [0.3368280529975891, 0.5460249185562134, 0.6505829095840454, 0.6996437907218933, 0.7325938940048218, 0.7536836266517639, 0.7690657377243042, 0.7821405529975891, 0.7928675413131714, 0.7965916395187378, 0.8085330128669739, 0.8104760646820068, 0.8121356964111328, 0.8192195892333984, 0.8195028901100159, 0.8267487287521362, 0.8262224793434143, 0.8300679922103882, 0.8335492014884949, 0.8370709419250488, 0.8387710452079773, 0.8395806550979614, 0.8414021730422974, 0.8450857996940613, 0.8435071110725403, 0.8466644883155823, 0.8499433398246765, 0.8482837080955505, 0.8493766188621521, 0.8498623967170715, 0.8534245491027832, 0.8568652868270874, 0.8536269664764404, 0.8553270697593689, 0.8560152053833008, 0.8601036071777344, 0.8635038733482361, 0.8588082790374756, 0.8572295904159546, 0.8611156344413757, 0.8610751032829285, 0.860872745513916, 0.8660540580749512, 0.8650016188621521, 0.8642730116844177, 0.8660945892333984, 0.8662160038948059, 0.8680375814437866, 0.8692924380302429, 0.8668636679649353, 0.8711140155792236, 0.8661350607872009, 0.8695757985115051, 0.8692114353179932, 0.8706282377243042, 0.8705472946166992, 0.8742713928222656, 0.8724902868270874, 0.8741903901100159, 0.874919056892395, 0.8715997338294983, 0.8729760646820068, 0.8743523359298706, 0.8756071925163269, 0.876416802406311, 0.8772668242454529, 0.8760119676589966, 0.8792503476142883, 0.8785621523857117, 0.878238320350647, 0.8789669871330261, 0.8799789547920227, 0.8768215775489807, 0.8768620491027832, 0.8788859844207764, 0.8814362287521362, 0.8794122338294983, 0.8778740167617798, 0.8773882985115051, 0.8826910853385925, 0.8817600607872009, 0.8819624185562134, 0.8785621523857117, 0.8828529715538025, 0.8841887712478638, 0.8851197957992554, 0.8826100826263428, 0.8848769664764404, 0.8830553889274597, 0.8828125, 0.8828529715538025, 0.8864556550979614, 0.8837435245513916, 0.8817600607872009, 0.8880343437194824, 0.8832577466964722, 0.8874271512031555, 0.8890867829322815, 0.8886415362358093, 0.8847150206565857], "val_loss": [1.1898680925369263, 0.91191565990448, 0.6884167790412903, 0.6077153086662292, 0.5763018727302551, 0.5135598182678223, 0.49901047348976135, 0.4637347161769867, 0.50422602891922, 0.48429158329963684, 0.40196311473846436, 0.4160607159137726, 0.44788163900375366, 0.3989161252975464, 0.37087225914001465, 0.3740856647491455, 0.3827219605445862, 0.4384860098361969, 0.36009660363197327, 0.39896050095558167, 0.3808060884475708, 0.34363603591918945, 0.3561321198940277, 0.3495115637779236, 0.36535677313804626, 0.35630878806114197, 0.3488272726535797, 0.34437960386276245, 0.3401622772216797, 0.3582228124141693, 0.33376288414001465, 0.35978493094444275, 0.35961055755615234, 0.3702807128429413, 0.32070961594581604, 0.32109203934669495, 0.3377324342727661, 0.31209513545036316, 0.314639687538147, 0.31082040071487427, 0.32779401540756226, 0.31763607263565063, 0.3193337321281433, 0.30485799908638, 0.37040749192237854, 0.3028009831905365, 0.3175080120563507, 0.33141183853149414, 0.3111134469509125, 0.31007111072540283, 0.298552542924881, 0.330039381980896, 0.28815266489982605, 0.3016566336154938, 0.3038994073867798, 0.30382484197616577, 0.31470349431037903, 0.3281494975090027, 0.3417501449584961, 0.3000199794769287, 0.28840523958206177, 0.2988613545894623, 0.2975464165210724, 0.3039999008178711, 0.2829160690307617, 0.2985565960407257, 0.30237728357315063, 0.30237409472465515, 0.290494441986084, 0.3133467137813568, 0.3165827989578247, 0.2937720715999603, 0.28733810782432556, 0.30072376132011414, 0.32169386744499207, 0.29225754737854004, 0.28876596689224243, 0.30259624123573303, 0.2908267676830292, 0.2881920635700226, 0.31089526414871216, 0.2855037748813629, 0.2830633521080017, 0.2980501651763916, 0.30310171842575073, 0.3015991151332855, 0.2946847975254059, 0.29626575112342834, 0.27728408575057983, 0.28469300270080566, 0.3157135248184204, 0.30562087893486023, 0.28086286783218384, 0.3046867847442627, 0.2945963740348816, 0.2928958237171173, 0.28015315532684326, 0.2782033085823059, 0.31053823232650757, 0.29423630237579346],