{"loss": [1.9303030967712402, 1.4092943668365479, 1.1979748010635376, 1.0870531797409058, 1.0043612718582153, 0.9622345566749573, 0.9147019386291504, 0.8553657531738281, 0.8305555582046509, 0.8073244094848633, 0.7837345600128174, 0.7662205696105957, 0.7487005591392517, 0.726836621761322, 0.7236195206642151, 0.7067108154296875, 0.6916046738624573, 0.6890657544136047, 0.6776341795921326, 0.6655774712562561, 0.6707724332809448, 0.655094563961029, 0.6569604277610779, 0.6391328573226929, 0.6360815763473511, 0.6274281740188599, 0.622687041759491, 0.6224613189697266, 0.6087259650230408, 0.6004956960678101, 0.5990201830863953, 0.6054575443267822, 0.5978043079376221, 0.5880423188209534, 0.5884853005409241, 0.5827935934066772, 0.5806064009666443, 0.5757101774215698, 0.5755146145820618, 0.5629533529281616, 0.5667861104011536, 0.5623363256454468, 0.5684189796447754, 0.5549362897872925, 0.5664664506912231, 0.5591474771499634, 0.5536985993385315, 0.553186297416687, 0.555925190448761, 0.5430352687835693, 0.5347654819488525, 0.5443492531776428, 0.5396702289581299, 0.5537004470825195, 0.544608473777771, 0.5360681414604187, 0.5292441844940186, 0.5249220132827759, 0.5249354839324951, 0.5313827991485596, 0.5195297598838806, 0.5104107856750488, 0.5084028244018555, 0.5073511600494385, 0.5095081925392151, 0.49625810980796814, 0.49626559019088745, 0.483369380235672, 0.4743615686893463, 0.4797064960002899, 0.46734732389450073, 0.46839436888694763, 0.4676178991794586, 0.45687174797058105, 0.46508872509002686, 0.45397669076919556, 0.45037734508514404, 0.44996777176856995, 0.4565429389476776, 0.4398980438709259, 0.44425344467163086, 0.436827689409256, 0.42923715710639954, 0.43444910645484924, 0.43603694438934326, 0.42779940366744995, 0.42642438411712646, 0.4272848665714264, 0.41920697689056396, 0.41796502470970154, 0.41684991121292114, 0.4159858524799347, 0.4085119068622589, 0.418906033039093, 0.40753889083862305, 0.40943312644958496, 0.39558789134025574, 0.40171608328819275, 0.409391850233078, 0.4111030101776123], "accuracy": [0.2697134017944336, 0.4777364134788513, 0.5783678889274597, 0.6285216808319092, 0.6625242829322815, 0.6808614134788513, 0.6989961266517639, 0.7211382985115051, 0.7269672751426697, 0.7374109625816345, 0.7459925413131714, 0.7526311278343201, 0.756395697593689, 0.7670012712478638, 0.7670822739601135, 0.7708873152732849, 0.7763115167617798, 0.778173565864563, 0.7810880541801453, 0.7863503694534302, 0.7792665362358093, 0.7895077466964722, 0.7873623967170715, 0.7949724793434143, 0.7947295904159546, 0.7944867014884949, 0.7991013526916504, 0.795458197593689, 0.8018944263458252, 0.8054161071777344, 0.8037969470024109, 0.8033517003059387, 0.8081282377243042, 0.8105570077896118, 0.8063876032829285, 0.8091806769371033, 0.8104760646820068, 0.8161026835441589, 0.8116903901100159, 0.8138762712478638, 0.8172765374183655, 0.8158597946166992, 0.8150097131729126, 0.8212839961051941, 0.8180861473083496, 0.821810245513916, 0.8231460452079773, 0.8222959637641907, 0.8195838928222656, 0.8186123967170715, 0.8270725607872009, 0.8259795904159546, 0.8232674598693848, 0.8224174380302429, 0.821729302406311, 0.824967622756958, 0.8258177042007446, 0.8275987505912781, 0.829703688621521, 0.828125, 0.8318086266517639, 0.8351278901100159, 0.8363018035888672, 0.8350064754486084, 0.8355731964111328, 0.8398234844207764, 0.8418474793434143, 0.8439524173736572, 0.8452882170677185, 0.8460168242454529, 0.8486480116844177, 0.848486065864563, 0.8498218655586243, 0.8528982996940613, 0.8519672751426697, 0.8549222946166992, 0.8555699586868286, 0.8547603487968445, 0.8539912700653076, 0.8570271730422974, 0.8565414547920227, 0.8596583604812622, 0.8596583604812622, 0.8581201434135437, 0.8612370491027832, 0.8612370491027832, 0.8645563721656799, 0.8644753694534302, 0.8669446110725403, 0.8652040362358093, 0.8677542209625244, 0.8670255541801453, 0.8681589961051941, 0.8632609844207764, 0.8683209419250488, 0.8682399392127991, 0.8716806769371033, 0.8710734844207764, 0.8706282377243042, 0.8675518035888672], "val_loss": [1.6948320865631104, 1.099511742591858, 0.9053173065185547, 0.763790488243103, 0.7448998689651489, 0.6668100357055664, 0.6845370531082153, 0.6122377514839172, 0.6056257486343384, 0.6071884632110596, 0.5537090301513672, 0.53600013256073, 0.5147291421890259, 0.5041248798370361, 0.509486973285675, 0.5224317908287048, 0.49896156787872314, 0.4825882613658905, 0.4754543900489807, 0.4678765833377838, 0.46725401282310486, 0.5280531048774719, 0.5019097328186035, 0.5066173076629639, 0.47137805819511414, 0.44550901651382446, 0.46414321660995483, 0.4582914710044861, 0.44901788234710693, 0.4468543231487274, 0.43360769748687744, 0.4588056206703186, 0.4559345245361328, 0.4499211609363556, 0.41817158460617065, 0.43747591972351074, 0.4512026011943817, 0.4323532283306122, 0.43757909536361694, 0.44068995118141174, 0.42307713627815247, 0.42085105180740356, 0.42299774289131165, 0.41934168338775635, 0.42014145851135254, 0.4111740291118622, 0.4167899787425995, 0.42154160141944885, 0.411760151386261, 0.4165809154510498, 0.43753689527511597, 0.43519359827041626, 0.4197690486907959, 0.41433900594711304, 0.4120769202709198, 0.41472139954566956, 0.40342727303504944, 0.41501232981681824, 0.4096355140209198, 0.40096238255500793, 0.39031195640563965, 0.39953362941741943, 0.39410796761512756, 0.38623061776161194, 0.37544286251068115, 0.3725907802581787, 0.3714703321456909, 0.3641439378261566, 0.35346224904060364, 0.36099380254745483, 0.36751070618629456, 0.3806406557559967, 0.34173038601875305, 0.36559492349624634, 0.35642507672309875, 0.35031306743621826, 0.34225478768348694, 0.3388001024723053, 0.3440304398536682, 0.3282330334186554, 0.32104605436325073, 0.3240067660808563, 0.3285723924636841, 0.3275398015975952, 0.3289463520050049, 0.32680779695510864, 0.32184693217277527, 0.325697660446167, 0.3195759356021881, 0.3328269124031067, 0.30960172414779663, 0.32061025500297546, 0.3274199664592743, 0.324881374835968, 0.32803863286972046, 0.3181908428668976, 0.31085512042045593, 0.3204202651977539, 0.33838462829589844, 0.3242790102958679],