{"loss": [1.7456799745559692, 1.1537971496582031, 1.0077704191207886, 0.9130023121833801, 0.8383635878562927, 0.7897013425827026, 0.7436923384666443, 0.7032186985015869, 0.6736130118370056, 0.643159806728363, 0.6203382015228271, 0.6050821542739868, 0.5973057746887207, 0.5787904858589172, 0.5634683966636658, 0.5564194917678833, 0.5466461777687073, 0.5404893755912781, 0.5282260775566101, 0.5198432803153992, 0.5125100612640381, 0.5118098855018616, 0.5100246071815491, 0.49508485198020935, 0.49146005511283875, 0.48353585600852966, 0.4823101758956909, 0.4832163453102112, 0.46642035245895386, 0.4733928143978119, 0.4710531532764435, 0.45861706137657166, 0.46226438879966736, 0.45683956146240234, 0.45303529500961304, 0.4486404061317444, 0.443543404340744, 0.44161731004714966, 0.4377032220363617, 0.43060195446014404, 0.43677565455436707, 0.43561097979545593, 0.4299432635307312, 0.4197448194026947, 0.4212343692779541, 0.42853641510009766, 0.41524168848991394, 0.42931362986564636, 0.4190647006034851, 0.41414546966552734, 0.40122902393341064, 0.4149094820022583, 0.4048687517642975, 0.40653136372566223, 0.40518054366111755, 0.40592655539512634, 0.4093010723590851, 0.3935673236846924, 0.39698198437690735, 0.40679237246513367, 0.3973098397254944, 0.3908601403236389, 0.3977871537208557, 0.3882686197757721, 0.3916252851486206, 0.38323819637298584, 0.3889033794403076, 0.3797411620616913, 0.38370439410209656, 0.3772520124912262, 0.3782019019126892, 0.3770328164100647, 0.37871238589286804, 0.38123947381973267, 0.3811774253845215, 0.3734506666660309, 0.3738749921321869, 0.38341936469078064, 0.36729738116264343, 0.3688056468963623, 0.36701700091362, 0.3647659718990326, 0.365347683429718, 0.3584214746952057, 0.37226882576942444, 0.36911943554878235, 0.3568243384361267, 0.3664766550064087, 0.3556804358959198, 0.3580610752105713, 0.3621370792388916, 0.3610822558403015, 0.35494258999824524, 0.35553473234176636, 0.3475167751312256, 0.36218953132629395, 0.3444918692111969, 0.35217151045799255, 0.36238041520118713, 0.3537609577178955], "accuracy": [0.3712759017944336, 0.5939524173736572, 0.6613098978996277, 0.6965673565864563, 0.7252267003059387, 0.740608811378479, 0.759472131729126, 0.7746518850326538, 0.7849740982055664, 0.7976036071777344, 0.7990204095840454, 0.8060232996940613, 0.8084520697593689, 0.8171146512031555, 0.8197053074836731, 0.8211221098899841, 0.8275987505912781, 0.8280035853385925, 0.8317681550979614, 0.834277868270874, 0.8360589146614075, 0.8357350826263428, 0.8366661071777344, 0.840592622756958, 0.8441143035888672, 0.8447214961051941, 0.8462192416191101, 0.8470287919044495, 0.8532626032829285, 0.8486075401306152, 0.8466240167617798, 0.8540722131729126, 0.8522506356239319, 0.8545174598693848, 0.8526149392127991, 0.8574320077896118, 0.8578367829322815, 0.8596178889274597, 0.8593345284461975, 0.8586463928222656, 0.8584439754486084, 0.8587273359298706, 0.8599821925163269, 0.8647587299346924, 0.863949179649353, 0.8610751032829285, 0.865689754486084, 0.8605893850326538, 0.8642325401306152, 0.8664184212684631, 0.8689686059951782, 0.8633419871330261, 0.8690090775489807, 0.8690090775489807, 0.8706687092781067, 0.8669850826263428, 0.8694138526916504, 0.8747571110725403, 0.871923565864563, 0.8689281344413757, 0.8713568449020386, 0.8728545904159546, 0.8732188940048218, 0.8751214146614075, 0.8708711266517639, 0.874919056892395, 0.875, 0.8767001032829285, 0.8756881356239319, 0.8786431550979614, 0.8764572739601135, 0.8782787919044495, 0.8779549598693848, 0.8770644664764404, 0.8760524392127991, 0.876659631729126, 0.8788050413131714, 0.8756476640701294, 0.8824886679649353, 0.8810313940048218, 0.8832982778549194, 0.8816385865211487, 0.8807885646820068, 0.8847150206565857, 0.8799384832382202, 0.8792503476142883, 0.8884391188621521, 0.8835006356239319, 0.8854031562805176, 0.8833792209625244, 0.884391188621521, 0.8838244676589966, 0.8835815787315369, 0.8835006356239319, 0.8853626847267151, 0.8830553889274597, 0.8875080943107605, 0.8852817416191101, 0.8835006356239319, 0.8851603269577026], "val_loss": [1.1026958227157593, 0.8383241295814514, 0.7878354787826538, 0.6713987588882446, 0.5616217255592346, 0.5590306520462036, 0.5201741456985474, 0.5073821544647217, 0.5195428133010864, 0.433816134929657, 0.43831491470336914, 0.4101572334766388, 0.4307471215724945, 0.4056602418422699, 0.37236276268959045, 0.3635873794555664, 0.37294527888298035, 0.41642600297927856, 0.37277236580848694, 0.35309669375419617, 0.3519962728023529, 0.37842854857444763, 0.34010571241378784, 0.35297197103500366, 0.35825735330581665, 0.3498065173625946, 0.3386737108230591, 0.337260901927948, 0.3897961974143982, 0.34322258830070496, 0.3258121907711029, 0.3669515550136566, 0.35807275772094727, 0.36112743616104126, 0.31925761699676514, 0.3252129554748535, 0.324869841337204, 0.36020588874816895, 0.3403797149658203, 0.3323892652988434, 0.3266652822494507, 0.32167619466781616, 0.3243440091609955, 0.3298613727092743, 0.3127647042274475, 0.3249366581439972, 0.3089517652988434, 0.3293307423591614, 0.33117908239364624, 0.3148394227027893, 0.32115474343299866, 0.32673466205596924, 0.3355093002319336, 0.32489681243896484, 0.3081444799900055, 0.30964380502700806, 0.33467310667037964, 0.34606796503067017, 0.32458996772766113, 0.3086892068386078, 0.31298333406448364, 0.3135179877281189, 0.3326181471347809, 0.31131336092948914, 0.29997727274894714, 0.3168133795261383, 0.304566353559494, 0.3057645261287689, 0.3281381130218506, 0.30852776765823364, 0.31401583552360535, 0.30361929535865784, 0.3044392764568329, 0.32707202434539795, 0.33556580543518066, 0.29892081022262573, 0.3154177963733673, 0.2998710572719574, 0.295237272977829, 0.3120937943458557, 0.32162755727767944, 0.32222941517829895, 0.3076832592487335, 0.3033207952976227, 0.29138514399528503, 0.33861348032951355, 0.28939926624298096, 0.29212361574172974, 0.2942621409893036, 0.2931878864765167, 0.30108708143234253, 0.3120562732219696, 0.3002772629261017, 0.29518911242485046, 0.32786229252815247, 0.3115147352218628, 0.2856995165348053, 0.31126242876052856, 0.2900470793247223, 0.2874293029308319],